"","A01","A02","A03","B05","B06","B07","B08","B09","C10T12","C13T15","C16","C17_18","C19","C20","C21","C22","C23","C24A","C24B","C25","C26","C27","C28","C29","C301","C302T309","C31T33","D","E","F","G","H49","H50","H51","H52","H53","I","J58T60","J61","J62_63","K","L","M","N","O","P","Q","R","S","T","HFCE","NPISH","GGFC","GFCF","INVNT","DPABR","CONS_NONRES","EXPO","..","TOTAL"
"DOM_A01",1295.321,7.262,16.408,0.027,0.05,0,0.06,0.024,1442.598,43.854,0.415,0.166,0,3.376,2.468,1.144,0.039,0.001,0.002,0.021,0.091,0.083,0.127,0.053,0.004,0.009,0.603,0.12,0.257,2.567,32.413,1.13,0.068,0.016,0.597,0.062,341.57,0.076,0.126,0.026,0.197,0.255,1.766,2.894,13.885,5.722,0.698,0.588,0.318,0,2785.669,0.391,41.683,60.552,2.283,0,10.587,550.663,0,6671.389
"DOM_A02",71.039,199.535,2.312,0.872,0.241,0.002,0.131,0.004,26.75,3.551,89.981,14.257,0,1.104,0.182,3.537,0.497,0.021,0.02,0.055,0.008,0.068,0.071,0.026,0.013,0.006,7.632,1.19,0.042,5.121,10.708,0.212,0.016,0.007,0.114,0.026,14.014,0.083,0.225,0.08,0.063,0.218,0.151,0.313,8.876,1.49,0.055,0.304,0.091,0,276.282,0.494,6.436,5.657,0.058,0,0.018,6.551,0,760.812
"DOM_A03",2.248,0.152,229.95,0.01,0.003,0,0.009,0.001,310.296,0.116,0.001,0.007,0.001,0.047,0.033,0.004,0.012,0.001,0.002,0.014,0.013,0.03,0.014,0.005,0.002,0.001,0.011,0.003,0.016,0.061,3.918,0.085,0.035,0.007,0.055,0.002,162.804,0.035,0.048,0.035,0.115,0.062,0.063,0.044,5.884,0.769,0.097,0.052,0.033,0,446.74,0.137,1.675,0.069,0.712,0,0.927,150.19,0,1317.653
"DOM_B05",14.468,0.343,0.167,68.926,7.189,0.165,4.926,4.307,16.106,8.232,0.264,6.046,2.245,20.353,0.356,1.246,58.113,46.233,8.875,0.571,0.389,2.982,0.953,0.659,0.147,0.38,0.32,153.006,0.758,20.174,5.012,4.886,0.02,0.063,1.257,0.11,5.996,0.078,0.483,0.078,0.178,0.977,0.387,0.355,21.49,8.248,0.065,0.041,0.296,0,79.112,0,0.012,0.056,0.026,0,0.01,0.2,0,578.333
"DOM_B06",0.378,0.005,0.042,1.161,11.511,0.012,0.782,0.584,2.763,0.563,0.058,0.929,6.351,9.274,0.075,0.305,4.024,0.838,0.674,0.788,0.13,0.403,0.198,0.263,0.022,0.066,0.304,14.216,0.322,0.907,3.628,1.265,0.016,0.023,1.142,0.146,0.733,0.049,0.094,0.055,0.194,0.279,0.462,0.283,3.479,0.726,0.009,0.016,0.013,0,3.553,0,0.26,0.083,0,0,0.004,1769.547,0,1844.007
"DOM_B07",0.06,0.002,0.011,0.088,0.15,0.025,0.185,0.092,0.09,0.022,0.001,0.006,0.005,0.24,0.006,0.004,0.612,1.318,2.12,0.216,0.015,0.064,0.032,0.016,0.001,0.001,0.021,0.06,0.009,0.584,0.08,0.062,0.001,0.005,0.023,0.007,0.045,0.005,0.02,0.006,0.024,0.008,0.033,0.019,0.077,0.018,0.001,0.002,0.001,0,0.227,0.001,0.016,0.074,0,0,0.016,1.042,0,7.869
"DOM_B08",7.97,0.118,1.044,0.793,1.26,0.032,11.277,1.054,3.257,0.458,0.011,0.608,0.068,7.19,0.093,0.164,64.258,1.981,0.927,0.654,0.185,1.134,0.299,0.129,0.01,0.021,0.529,0.625,0.578,73.63,0.637,0.446,0.002,0.006,0.136,0.012,0.685,0.003,0.026,0.002,0.007,0.734,0.102,0.827,3.756,0.134,0.003,0.012,0.01,0,16.174,0,0.012,0.201,0.058,0,0.04,132.065,0,336.445
"DOM_B09",0.803,0.012,4.013,5.941,86.089,0.103,8.632,25.941,0.393,0.038,0.011,0.316,0.226,0.068,0.011,0.079,2.578,0.171,0.174,0.031,0.016,0.071,0.035,0.012,0.001,0.003,0.015,0.966,0.074,4.922,0.219,0.956,0.041,0.101,0.438,0.149,0.202,0.023,0.017,0.004,0.055,0.086,0.203,0.033,0.46,0.081,0.001,0.002,0.003,0,0.344,0,3.642,36.571,0,0,0.01,2.576,0,187.959
"DOM_C10T12",39.767,0.055,3.998,0.021,0.063,0,0.024,0.015,62.414,1.317,0.018,0.121,0.003,0.545,0.261,0.039,0.082,0.012,0.008,0.085,0.092,0.159,0.08,0.059,0.005,0.011,0.09,0.022,0.058,0.351,4.559,0.747,0.078,0.104,0.302,0.07,104.675,0.147,0.323,0.118,0.468,0.146,0.287,0.288,3.468,1.876,0.102,0.243,0.06,0,1855.764,0.354,2.082,0.541,5.467,0,37.221,2672.06,0,4801.328
"DOM_C13T15",1.8,0.094,3.998,0.055,0.135,0.001,0.046,0.032,0.965,299.603,0.075,1.623,0.001,0.718,0.188,1.029,0.693,0.018,0.012,0.343,0.338,0.746,0.393,2.425,0.085,0.158,3.936,0.01,0.099,1.688,5.676,0.357,0.014,0.028,0.315,0.147,8.916,0.082,0.157,0.072,0.243,0.171,0.676,0.981,6.244,1.096,0.13,0.269,0.351,0,409.967,0.046,0.135,1.317,5.985,0,10.254,2824.05,0,3598.986
"DOM_C16",9.31,1.304,0.951,0.37,0.271,0.005,0.188,0.078,7.643,3.819,25.233,5.588,0.001,1.503,0.213,0.615,3.006,0.056,0.093,1.785,0.976,3.555,1.013,2.483,0.519,0.24,25.387,0.198,0.241,88.427,10.101,1.677,0.018,0.034,2.62,0.071,7.935,0.304,0.445,0.134,0.366,4.029,2.302,1.696,2.571,1.863,0.084,0.19,0.49,0,57.247,0,0.042,5.274,0.43,0,0.975,76.734,0,362.702
"DOM_C17_18",0.669,0.046,0.151,0.03,0.139,0,0.024,0.015,3.713,1.475,0.076,11.237,0.002,0.291,0.292,0.157,0.256,0.011,0.017,0.335,0.817,1.107,0.302,0.264,0.021,0.094,0.401,0.05,0.237,0.465,11.93,0.985,0.034,0.078,0.632,1.17,2.674,17.563,4.363,1.553,9.474,0.418,8.116,3.075,25.207,11.714,0.141,0.455,0.331,0,67.794,0.001,1.415,0.847,1.086,0,3.25,307.435,0,504.436
"DOM_C19",2.009,0.081,0.926,0.119,0.368,0.002,0.106,0.119,0.603,0.305,0.027,0.102,0.024,0.752,0.059,0.089,0.284,0.069,0.02,0.081,0.072,0.234,0.062,0.094,0.005,0.011,0.102,0.168,0.104,0.676,1.373,4.997,0.203,0.835,0.535,0.169,0.565,0.038,0.16,0.051,0.247,0.051,0.2,0.276,1.57,0.268,0.011,0.02,0.02,0,17.382,0.003,0.062,0.265,0.284,0,0.266,124.38,0,161.906
"DOM_C20",16.159,0.047,0.434,0.15,0.22,0.005,0.147,0.068,3.725,4.929,0.164,1.204,0.028,12.092,1.192,2.678,0.921,0.138,0.157,0.458,0.815,1.639,0.31,0.588,0.049,0.055,0.643,0.131,0.355,1.402,0.843,0.207,0.009,0.03,0.209,0.019,1.656,0.207,0.067,0.07,0.101,0.204,0.542,0.435,0.99,0.525,0.054,0.032,0.078,0,21.309,0.021,0.436,0.781,-0.062,0,0.692,911.307,0,991.664
"DOM_C21",10.754,0.006,0.557,0.047,0.136,0.002,0.021,0.007,2.456,0.421,0.007,0.015,0,0.727,25.94,0.02,0.014,0.005,0.004,0.016,0.031,0.014,0.109,0.016,0.001,0.003,0.195,0.008,0.146,0.102,1.059,0.261,0.014,0.027,0.08,0.038,0.163,0.061,0.014,0.004,0.063,0.024,2.477,0.103,11.836,1.537,2.669,0.104,0.077,0,146.626,0.063,45.656,0.389,0.065,0,2.017,153.418,0,410.628
"DOM_C22",1.158,0.022,0.18,0.043,0.096,0.001,0.026,0.015,3.136,1.532,0.046,0.426,0.001,0.382,0.253,1.551,0.174,0.008,0.013,0.305,0.745,1.938,0.514,1.334,0.02,0.112,0.449,0.005,0.122,2.091,2.144,1.122,0.009,0.014,0.185,0.041,0.467,0.068,0.092,0.021,0.094,0.124,0.194,0.247,0.436,0.201,0.01,0.015,0.022,0,8.115,0,0.03,0.263,0.505,0,0.011,269.819,0,300.947
"DOM_C23",16.056,0.27,1.155,0.527,2.048,0.037,1.202,0.359,34.951,2.421,0.972,0.46,0.014,3.161,2.447,2.466,87.541,1.563,0.764,4.731,9.645,17.43,3.046,8.251,0.461,0.502,3.732,0.526,2.086,344.415,10.158,2.465,0.214,0.042,1.724,0.2,15.448,0.077,0.578,0.084,0.979,12.78,3.116,1.74,8.461,6.273,0.115,0.245,0.338,0,232.903,0.001,0.062,0.446,0.204,0,0.059,353.931,0,1205.884
"DOM_C24A",0.072,0.003,0.007,0.03,0.171,0.001,0.006,0.012,0.046,0.036,0.008,0.013,0,0.016,0.004,0.043,0.122,1.066,0.048,3.274,0.3,1.48,1.556,1.065,0.088,0.219,0.244,0.013,0.104,2.253,0.144,0.038,0.002,0,0.04,0.001,0.011,0.001,0.003,0.001,0.004,0.026,0.047,0.014,0.056,0.02,0,0.002,0.004,0,0.032,0,0.023,0.018,0,0,0.001,256.183,0,268.973
"DOM_C24B",0.005,0,0.001,0.001,0.002,0,0.001,0.001,0.006,0.002,0,0.001,0,0.002,0,0,0.003,0.005,0.124,0.009,0.004,0.019,0.012,0.005,0,0.001,0.004,0.001,0.002,0.011,0.009,0.008,0,0,0.003,0.001,0.003,0,0.001,0,0.001,0,0.001,0.001,0.008,0.002,0,0,0,0,0.031,0,0.012,0.019,0,0,0.003,179.802,0,180.134
"DOM_C25",5.496,0.238,0.602,0.796,2.135,0.014,0.271,0.5,11.226,2.555,0.549,0.502,0.007,1.296,0.351,0.803,1.473,0.728,0.332,26.495,5.433,17.683,17.135,12.001,1.18,2.059,5.176,0.112,0.616,40.842,6.122,1.363,0.065,0.038,0.993,0.066,2.924,0.155,0.856,0.151,0.189,1.429,1.592,1.583,12.675,1.2,0.027,0.091,0.186,0,76.464,0.001,1.804,43.706,2.331,0,0.008,924.991,0,1239.612
"DOM_C26",0.027,0.002,0.009,0.003,0.013,0,0.002,0.002,0.024,0.03,0.003,0.015,0,0.01,0.011,0.004,0.007,0.001,0.001,0.029,7.301,0.868,0.171,0.117,0.013,0.018,0.086,0.005,0.016,0.142,0.269,0.031,0.002,0.009,0.035,0.014,0.059,0.04,0.884,0.157,0.063,0.008,0.124,0.065,0.318,0.125,0.007,0.007,0.02,0,0.456,0.002,0.03,0.167,0.555,0,0.007,791.643,0,804.025
"DOM_C27",0.12,0.003,0.04,0.014,0.024,0,0.013,0.014,0.075,0.029,0.003,0.021,0,0.021,0.009,0.014,0.026,0.005,0.006,0.122,1.226,11.874,0.625,0.797,0.023,0.084,0.34,0.09,0.037,1.757,0.599,0.198,0.009,0.014,0.068,0.011,0.23,0.018,0.739,0.074,0.032,0.038,0.185,0.139,0.659,0.116,0.005,0.02,0.029,0,13.989,0.001,0.013,4.783,0.33,0,0.062,1918.828,0,1958.602
"DOM_C28",6.745,0.782,2.314,2.446,6.365,0.044,1.018,1.387,5.455,2.24,0.259,1.2,0.022,0.999,0.331,0.603,3.001,0.358,0.183,4.235,4.895,20.467,50.204,12.208,1.321,1.81,10.416,0.559,1.632,19.765,10.082,3.597,0.065,0.15,1.846,0.327,1.187,0.33,1.994,0.557,1.696,0.262,2.663,4.21,10.115,1.933,0.09,0.197,0.208,0,85.702,0.032,0.017,257.583,13.659,0,0.001,444.491,0,1006.255
"DOM_C29",0.126,0.047,0.044,0.004,0.033,0.001,0.013,0.009,0.056,0.029,0.004,0.006,0,0.016,0.004,0.01,0.045,0.004,0.005,0.05,0.066,0.246,0.22,17.567,0.007,0.09,0.14,0.005,0.04,0.191,3.792,2.527,0.023,0.066,0.239,0.033,0.036,0.004,0.039,0.017,0.033,0.012,0.08,0.242,0.364,0.084,0.003,0.008,0.006,0,73.505,0,0.049,19.016,0.875,0,0.331,901.13,0,1021.593
"DOM_C301",0.013,0.001,0.004,0.001,0.003,0,0.001,0.001,0.008,0.005,0,0.001,0,0.001,0.001,0.001,0.002,0,0,0.004,0.004,0.009,0.012,0.011,0.023,0.002,0.005,0.001,0.001,0.012,0.012,0.011,0.003,0.003,0.004,0.001,0.005,0.001,0.005,0.001,0.002,0.001,0.003,0.004,0.018,0.002,0,0,0,0,0.123,0,0.001,0.08,-0.013,0,0.002,52.402,0,52.798
"DOM_C302T309",0.008,0.001,0.026,0.001,0.002,0,0,0.001,0.007,0.004,0,0.001,0,0.001,0.001,0,0.001,0,0,0.005,0.005,0.013,0.013,0.064,0.015,0.692,0.044,0,0.001,0.01,0.04,0.165,0.005,0.09,0.013,0.001,0.004,0.001,0.005,0.006,0.005,0.001,0.006,0.013,0.249,0.004,0,0,0.002,0,1.208,0.001,0.012,1.157,-0.132,0,0,127.399,0,131.174
"DOM_C31T33",25.814,0.766,6.043,1.019,3.743,0.024,1.228,0.789,8.291,4.212,0.295,1.763,0.029,1.707,0.66,0.514,2.335,0.524,0.23,2.095,2.066,4.026,2.438,2.086,0.124,0.646,8.032,1.006,2.614,5.251,9.682,15.662,0.894,5.971,4.962,0.704,6.747,0.378,5.773,1.224,1.961,0.781,2.599,4.346,16.1,3.746,0.192,0.429,0.195,0,118.977,0.008,2.658,52.42,0.87,0,4.964,273.625,0,626.245
"DOM_D",36.69,1.035,5.22,2.618,9.304,0.067,2.253,0.53,28.278,15.977,0.96,7.106,0.134,8.964,1.69,2.641,8.72,1.92,1.162,5.001,5.279,8.383,3.053,3.972,0.237,0.689,2.629,9.166,9.42,5.498,45.796,21.521,0.099,0.238,7.603,1.953,63.476,1.332,15.361,1.939,9.366,6.57,5.483,4.07,55.369,27.738,0.819,1.734,0.954,0,546.279,0.339,13.738,0.671,0.039,0,1.138,15.843,0,1038.065
"DOM_E",6.744,0.059,0.709,0.203,0.521,0.005,0.16,0.102,4.477,1.41,0.072,1.221,0.01,0.692,0.236,0.173,0.645,0.672,0.452,0.504,0.385,0.761,0.348,0.299,0.026,0.103,0.295,0.202,11.654,1.356,5.313,1.426,0.048,0.038,1.012,0.261,12.628,0.118,0.444,0.16,1.36,1.239,0.995,0.73,23.212,7.581,0.195,0.271,0.172,0,182.926,0.186,46.769,0.469,0.009,0,0.034,1.139,0,323.23
"DOM_F",15.467,1.702,2.456,0.774,2.516,0.018,0.602,0.787,4.377,2.576,0.558,0.981,0.025,1.143,0.322,0.381,1.751,0.465,0.509,1.497,0.976,2.121,0.88,0.858,0.097,0.177,1.974,1.44,4.939,130.627,18.383,8.025,0.127,0.269,7.79,0.932,14.937,0.544,10.316,0.997,6.008,35.142,5.892,2.864,82.406,13.767,0.345,0.54,0.283,0,96.571,0.457,0.929,3346.251,0.012,0,0.896,14.17,0,3851.847
"DOM_G",249.795,13.645,46.213,4.661,8.476,0.083,3.578,1.992,260.745,192.899,10.525,15.629,1.077,32.394,18.739,12.285,27.862,7.011,2.746,32.605,34.463,56.222,34.423,41.16,1.785,3.834,20.427,7.317,5.113,117.584,81.818,88.333,2.97,11.477,12.361,3.599,103.959,5.225,11.97,3.126,7.036,5.154,11.739,15.714,56.511,14.905,2.129,1.293,1.398,0,2738.237,0.642,36.447,210.797,-0.01,0,31.187,1644.298,0,6367.603
"DOM_H49",118.343,12.96,20.073,12.782,26,0.155,10.682,4.94,140.074,50.644,7.768,14.463,1.979,22.305,6.958,6.46,37.297,6.807,2.86,22.407,18.436,37.581,18.224,19.55,0.933,2.445,13.709,12.274,7.339,81.699,261.821,269.484,1.819,3.852,96.685,45.219,55.506,9.282,12.94,3.539,20.825,4.821,19.535,22.08,106.417,41.215,1.385,1.672,1.851,0,1165.039,0.204,72.202,98.548,0,0,83.934,598.114,0,3736.133
"DOM_H50",10.971,0.001,0.004,0.228,0.002,0.003,0.001,0.085,5.978,7.851,0.28,0.673,0.745,3.049,0.838,0.894,1.927,0.791,0.643,4.104,2.333,4.787,3.186,3.513,0.156,0.387,1.183,2.078,0.434,8.48,0.045,0.037,0.003,1.28,0.036,0.003,3.365,0.063,0.245,0.009,0.036,0.343,0.044,0.523,0.017,0.55,0.099,0,0.068,0,78.019,0.013,1.209,5.858,0,0,16.591,160.276,0,334.338
"DOM_H51",9.04,0.419,1.84,0.237,0.827,0.005,0.213,0.13,8.116,6.674,0.52,0.902,0.462,2.415,0.604,0.729,1.511,0.517,0.455,2.774,1.865,4.177,2.201,2.447,0.116,0.262,1.203,1.089,0.292,6.511,0.538,5.488,0.216,0.007,0.026,0.03,2.768,0.086,0.022,0.004,0.018,0.158,0.136,0.343,0.031,0.019,0.052,0.001,0.049,0,21.877,0.01,1.008,0.017,0,0,61.771,294.926,0,448.16
"DOM_H52",38.981,3.94,17.19,4.633,8.039,0.056,2.447,2.213,53.613,18.29,2.802,5.703,0.592,7.447,2.748,2.029,10.285,1.949,0.802,7.07,6.235,14.225,6.04,9.487,0.359,1.109,5.425,3.743,2.939,26.218,253.326,224.122,20.852,62.015,267.506,16.262,20.796,2.392,11.229,2.494,6.541,1.505,9.52,11.624,47.603,4.622,0.176,0.802,0.518,0,208.206,0.183,65.897,35.656,0,0,1.519,394.25,0,1936.226
"DOM_H53",8.517,0.244,1.41,0.392,0.908,0.005,0.197,0.315,3.141,4.054,0.18,1.419,0.004,0.63,0.66,0.285,0.501,0.053,0.044,0.753,1.115,2.063,1.317,0.917,0.059,0.179,1.127,0.421,1.616,3.326,96.07,8.908,0.135,0.627,11.948,169.828,21.884,10.261,31.941,4.014,71.403,3.332,14.604,8.55,105.743,15.817,0.653,1.149,1.361,0,64.851,0,1.165,0.012,0.49,0,1.381,53.658,0,735.638
"DOM_I",4.72,0.57,1.323,0.552,2.653,0.032,0.745,0.562,6.748,5.806,0.297,1.223,0.019,1.982,1.364,0.62,0.925,0.178,0.135,1.851,2.383,6.108,2.122,1.175,0.136,0.371,2.313,0.296,1.869,9.679,45.201,20.952,0.845,5.41,15.385,3.349,39.178,3.286,13.17,7.593,36.291,2.611,22.319,34.23,106.768,34.166,1.224,2.578,1.828,0,2730.291,5.922,18.255,0.689,0,0,436.885,0.229,0,3647.414
"DOM_J58T60",0.587,0.025,0.086,0.018,0.122,0.001,0.02,0.043,1.203,0.832,0.038,0.477,0.002,0.244,0.153,0.056,0.101,0.02,0.02,0.156,0.483,0.968,0.182,0.194,0.016,0.075,0.234,0.039,0.187,0.564,6.489,0.922,0.038,0.119,0.547,0.396,3.181,11.116,3.348,1.94,3.723,0.502,11.745,1.345,9.995,12.289,0.11,0.405,0.245,0,184.863,0.238,3.589,22.099,0,0,4.915,52.109,0,343.418
"DOM_J61",6.662,0.558,3.119,0.843,3.487,0.008,0.45,0.463,6.338,7.068,0.324,1.902,0.016,1.035,1.515,0.539,1.06,0.123,0.138,1.808,4.18,5.814,2.84,2.621,0.111,0.392,2.709,0.473,1.848,9.741,71.564,18.185,0.522,1.387,11.054,7.049,44.621,6.386,454.22,16.8,59.77,8.399,24.665,17.496,142.429,21.774,0.947,2.219,1.774,0,959.789,0.062,4.482,1.437,0,0,23.343,236.212,0,2204.77
"DOM_J62_63",2.215,0.167,0.762,0.39,1.728,0.006,0.293,0.25,7.353,4.08,0.166,1.412,0.015,1.389,1.577,0.423,0.978,0.137,0.107,1.368,4.095,5.76,1.731,1.228,0.112,0.382,1.659,0.622,2.126,6.177,43.957,8.075,0.41,1.447,8.112,4.338,14.878,7.747,48.114,75.677,57.013,3.759,21.679,12.882,78.949,16.881,0.427,1.197,0.666,0,23.627,0.202,4.143,176.866,-0.02,0,0.331,149.31,0,809.374
"DOM_K",56.076,1.674,9.776,1.572,11.848,0.049,1.121,2.491,32.922,18.847,0.852,5.676,0.271,5.978,3.492,2.288,4.613,0.84,0.824,5.96,9.032,18.538,6.323,5.238,0.402,1.152,5.775,2.443,5.626,24.284,113.805,43.17,1.539,5.323,19.009,4.853,46.785,4.115,27.895,7.427,375.159,81.611,26.155,24.013,111.828,19.237,0.649,2.289,1.606,0,1468.015,1.878,16.579,5.416,0,0,20.096,218.773,0,2893.208
"DOM_L",0.983,0.087,0.259,0.096,0.525,0.002,0.09,0.087,2.301,2.244,0.06,0.461,0.004,0.248,0.224,0.137,0.259,0.035,0.034,0.537,0.726,1.183,0.401,0.405,0.051,0.077,0.711,0.077,0.237,2.644,33.852,3.498,0.11,0.274,4.377,1.031,23.565,1.021,6.587,2.249,8.89,5.136,4.381,3.312,13.821,5.754,0.222,0.593,0.366,0,1846.572,3.493,8.566,37.787,0,0,65.87,7.783,0,2104.296
"DOM_M",19.18,0.461,2.394,1.42,7.722,0.032,1.099,3.558,36.074,13.374,0.421,3.533,0.051,4.571,5.465,1.788,3.114,0.446,0.295,4.203,12.864,14.015,4.903,8.026,0.446,1.354,5.098,1.374,4.161,43.787,108.933,15.188,0.655,2.095,14.999,2.541,45.822,11.687,44.92,14.596,65.729,15.474,89.097,21.971,132.488,24.659,0.815,2.732,1.493,0,150.411,6.642,87.228,283.302,0.32,0,10.715,441.611,0,1801.352
"DOM_N",25.175,1.509,4.984,2.271,14.138,0.061,2.245,3.4,23.433,11.374,0.523,4,0.045,3.935,3.492,1.647,3.819,0.334,0.292,4.502,8.657,13.463,5.595,6.018,0.401,1.302,5.141,1.107,5.917,32.97,92.23,47.539,3.566,11.153,27.935,8.568,51.185,10.774,49.649,15.696,45.927,11.23,31.874,52.656,115.657,36.87,1.099,3.463,1.352,0,392.967,0.675,26.792,7.674,-0.02,0,18.749,124.127,0,1381.135
"DOM_O",9.023,0.383,0.946,0.353,0.66,0.007,0.201,0.367,6.279,3.778,0.229,1.129,0.009,0.847,0.959,0.364,0.585,0.093,0.133,1.442,0.977,3.172,1.105,1.397,0.091,0.265,0.934,0.505,2.16,8.501,22.184,15.887,0.255,0.597,4.3,1.282,10.34,1.041,8.922,1.471,12.779,4.855,6.011,3.75,87.838,8.164,0.244,0.847,0.38,0,123.466,2.153,6817.506,0.023,0,0,0.049,0.204,0,7181.444
"DOM_P",0.344,0.026,0.087,0.007,0.099,0.001,0.023,0.02,0.329,0.119,0.006,0.037,0.002,0.05,0.096,0.017,0.05,0.011,0.012,0.081,0.201,0.359,0.11,0.064,0.01,0.037,0.109,0.026,0.131,0.29,1.203,0.556,0.023,0.164,0.438,0.077,0.526,0.169,1.704,0.631,2.219,0.173,1.25,0.605,11.393,14.92,0.051,0.093,0.048,0,1015.677,108.917,2227.906,0.012,0,0,25.214,0.129,0,3416.848
"DOM_Q",0.011,0.001,0.003,0.001,0.003,0,0.001,0.001,0.012,0.006,0,0.001,0,0.002,0.004,0.001,0.002,0,0,0.002,0.002,0.006,0.006,0.003,0,0,0.002,0.001,0.001,0.009,0.044,0.031,0.002,0.008,0.032,0.003,0.014,0.002,0.01,0.009,0.014,0.002,0.01,0.008,0.06,0.013,0.004,0.001,0.001,0,39.644,6.426,60.959,0.068,0,0,16.867,0.147,0,124.46
"DOM_R",0.017,0.001,0.004,0.001,0.004,0,0.001,0.001,0.033,0.015,0.001,0.003,0,0.003,0.004,0.001,0.002,0,0,0.004,0.006,0.01,0.004,0.004,0,0.001,0.004,0.001,0.004,0.016,0.088,0.023,0.002,0.006,0.014,0.004,0.074,0.019,0.036,0.014,0.045,0.008,0.043,0.04,0.133,0.053,0.001,0.048,0.007,0,33.204,5.858,6.731,0.2,0,0,20.887,38.15,0,105.836
"DOM_S",0.065,0.005,0.032,0.005,0.02,0,0.005,0.005,0.078,0.061,0.003,0.009,0,0.01,0.006,0.004,0.012,0.002,0.001,0.015,0.022,0.025,0.011,0.011,0.001,0.002,0.016,0.003,0.016,0.052,0.26,0.125,0.008,0.027,0.1,0.017,0.217,0.015,0.127,0.049,0.239,0.022,0.086,0.07,0.281,0.111,0.006,0.01,0.033,0,70.546,26.367,2.091,0.377,0,0,21.803,0.977,0,124.457
"DOM_T",0,0,0,0,0,0,0,0,0,0,0,0,0,0,0,0,0,0,0,0,0,0,0,0,0,0,0,0,0,0,0,0,0,0,0,0,0,0,0,0,0,0,0,0,0,0,0,0,0,0,156.346,0,0,0,0,0,0,0,0,156.346
"IMP_A01",311.889,1.749,4.342,0.016,0.04,0,0.025,0.012,346.124,29.605,0.16,0.217,0.004,0.941,0.625,0.381,0.115,0.014,0.009,0.102,0.072,0.178,0.113,0.239,0.011,0.022,0.477,0.04,0.076,1.083,8.249,0.474,0.024,0.032,0.216,0.031,82.763,0.033,0.05,0.017,0.076,0.09,0.49,0.766,3.758,1.448,0.178,0.158,0.101,0,694.689,0.097,10.08,14.886,0.12,3.794,0,0,0,1521.303
"IMP_A02",1.148,0.317,0.023,0.003,0.003,0,0.001,0.001,1.178,0.094,0.198,0.04,0,0.014,0.004,0.01,0.011,0.001,0,0.007,0.005,0.015,0.006,0.009,0.001,0.001,0.074,0.003,0.002,0.227,0.077,0.026,0.001,0.003,0.01,0.001,0.313,0.002,0.003,0.001,0.003,0.01,0.009,0.009,0.041,0.014,0.001,0.002,0.002,0,3.143,0.001,0.044,0.082,0.002,0.049,0,0,0,7.246
"IMP_A03",0.131,0.009,5.174,0.002,0.011,0,0.003,0.001,7.063,0.021,0.001,0.004,0,0.007,0.002,0.002,0.006,0.001,0.001,0.005,0.004,0.01,0.003,0.003,0,0.001,0.003,0.001,0.001,0.012,0.199,0.062,0.071,0.001,0.098,0.006,3.705,0.002,0.003,0.002,0.006,0.002,0.007,0.009,0.159,0.023,0.002,0.002,0.001,0,11.378,0.003,0.048,0.015,0.001,0.213,0,0,0,28.503
"IMP_B05",0.072,0.002,0.003,0.268,0.035,0.001,0.024,0.018,0.073,0.039,0.005,0.026,0.011,0.089,0.002,0.006,0.254,0.182,0.036,0.008,0.004,0.018,0.008,0.006,0.001,0.002,0.007,0.599,0.004,0.132,0.029,0.029,0,0.001,0.008,0.001,0.029,0.001,0.003,0.001,0.001,0.005,0.003,0.003,0.091,0.034,0,0,0.001,0,0.435,0,0.002,0.014,0.001,0.008,0,0,0,2.636
"IMP_B06",10.036,0.178,2.143,24.117,231.82,0.256,16.221,12.053,57.357,11.669,1.213,19.342,128.166,193.551,1.577,6.407,83.567,17.519,14.084,16.503,2.705,8.589,4.161,5.539,0.455,1.387,6.409,286.912,6.821,19.288,75.116,32.625,0.533,1.481,22.845,3.109,15.605,1.031,2.031,1.168,4.217,5.805,9.698,6.137,73.821,15.257,0.202,0.338,0.3,0,200.983,0.002,5.201,1.141,0.126,0.132,0,0,0,1668.947
"IMP_B07",0.127,0.002,0.009,0.028,0.055,0.007,0.105,0.027,0.107,0.025,0.003,0.011,0.002,0.133,0.006,0.017,0.501,0.491,0.744,0.694,0.163,0.791,0.296,0.222,0.015,0.043,0.089,0.014,0.031,0.872,0.051,0.021,0.001,0.001,0.01,0.001,0.028,0.001,0.002,0.001,0.002,0.01,0.013,0.009,0.039,0.006,0,0.001,0.001,0,0.295,0,0.005,0.021,0.001,0.026,0,0,0,6.172
"IMP_B08",5.873,0.085,0.75,0.552,0.862,0.023,7.891,0.735,2.367,0.426,0.012,0.45,0.048,5.21,0.086,0.16,45.533,1.395,0.643,0.485,0.156,0.862,0.229,0.115,0.009,0.017,0.392,0.424,0.417,52.559,0.505,0.354,0.031,0.008,0.136,0.009,0.516,0.005,0.021,0.003,0.008,0.534,0.085,0.595,2.68,0.108,0.003,0.009,0.009,0,12.444,0,0.008,0.153,0.012,0.026,0,0,0,147.028
"IMP_B09",0.069,0.001,0.04,0.091,1.067,0.001,0.115,0.216,0.136,0.036,0.004,0.042,0.24,0.382,0.005,0.016,0.295,0.041,0.03,0.059,0.013,0.04,0.027,0.024,0.002,0.005,0.019,0.541,0.016,0.253,0.171,0.099,0.003,0.009,0.063,0.009,0.04,0.003,0.008,0.004,0.012,0.016,0.027,0.017,0.179,0.033,0.001,0.001,0.001,0,0.611,0,0.046,0.321,0,0.015,0,0,0,5.511
"IMP_C10T12",25.181,0.026,2.325,0.017,0.051,0,0.031,0.012,26.383,1.34,0.019,0.156,0.008,0.782,0.244,0.191,0.162,0.028,0.013,0.165,0.116,0.272,0.129,0.118,0.009,0.017,0.105,0.021,0.049,0.425,1.827,0.307,0.032,0.042,0.12,0.026,35.798,0.075,0.101,0.044,0.105,0.06,0.125,0.129,1.349,0.859,0.057,0.075,0.028,0,981.181,0.224,1.361,0.434,0.084,12.271,0,0,0,1095.109
"IMP_C13T15",5.506,0.246,9.477,0.159,0.442,0.005,0.129,0.09,3.359,694.466,0.295,4.468,0.005,2.195,0.606,2.811,1.804,0.101,0.045,1.211,1.264,2.544,1.469,6.737,0.225,0.433,10.784,0.042,0.295,5.214,14.313,1.155,0.042,0.081,0.813,0.32,20.991,0.333,0.465,0.197,0.658,0.466,1.695,2.515,14.53,3.136,0.304,0.649,0.918,0,1044.564,0.096,0.226,5.403,0.635,4.241,0,0,0,1875.175
"IMP_C16",7.051,0.905,0.726,0.268,0.218,0.004,0.141,0.061,5.922,3.369,17.784,4.192,0.001,1.223,0.208,0.584,2.21,0.043,0.074,1.395,0.819,2.867,0.85,1.966,0.381,0.191,18.359,0.129,0.192,64.152,7.51,1.403,0.018,0.041,1.91,0.062,5.804,0.252,0.343,0.108,0.293,2.911,1.698,1.271,2.014,1.41,0.065,0.141,0.358,0,46.898,0.001,0.068,4.289,0.243,0.473,0,0,0,215.868
"IMP_C17_18",4.59,0.058,1.003,0.036,0.197,0.003,0.06,0.044,28.337,6.734,0.412,56.818,0.003,2.073,2.051,1.113,2.264,0.052,0.071,1.061,1.815,3.755,1.088,1.044,0.031,0.125,2.07,0.051,0.299,2.51,14.611,1.723,0.072,0.086,1.414,1.013,9.442,12.268,1.77,2.079,4.759,0.436,4.838,4.531,15.784,9.46,0.225,0.289,0.281,0,202.845,0.001,0.918,0.513,0.093,1.606,0,0,0,410.826
"IMP_C19",161.447,7.356,93.009,6.204,14.285,0.201,6.592,5.08,39.075,12.902,1.831,6.545,2.143,47.325,2.708,2.86,14.759,3.791,1.205,5.517,3.002,17.204,3.893,6.786,0.279,0.752,7.831,7.761,9.496,50.188,123.147,511.832,20.758,87.184,50.317,15.659,43.954,2.46,13.049,4.225,19.235,3.534,14.204,25.22,150.519,23.057,0.902,1.727,1.723,0,1592.431,0.084,0.93,0.415,0.553,2.839,0,0,0,3251.987
"IMP_C20",274.688,0.75,4.368,1.917,3.746,0.07,2.286,1.138,38.956,80.728,2.99,22.054,0.277,141.447,21.866,49.302,14.444,0.868,0.952,8.397,15.091,30.641,5.834,11.03,0.897,1.026,11.778,0.336,6.323,24.381,14.882,8.049,0.347,1.092,3.904,0.412,20.346,3.75,0.8,1.092,1.403,3.491,8.896,7.61,16.016,8.801,0.977,0.535,1.406,0,707.133,0.144,4.133,2.118,0.342,1.178,0,0,0,1597.439
"IMP_C21",20.889,0.025,0.973,0.107,0.284,0.005,0.071,0.033,4.6,2.193,0.069,0.384,0.005,3.134,38.385,0.737,0.254,0.033,0.027,0.226,0.336,0.611,0.345,0.249,0.018,0.029,0.529,0.021,0.329,0.748,1.988,0.677,0.033,0.08,0.205,0.072,0.639,0.161,0.07,0.043,0.15,0.1,4.052,0.295,18.935,2.568,4.205,0.174,0.144,0,262.109,0.112,77.695,1.26,0.142,0.734,0,0,0,452.29
"IMP_C22",28.599,0.495,4.269,1.008,2.226,0.018,0.61,0.361,71.506,44.683,1.138,10.276,0.02,9.858,5.966,26.437,4.241,0.2,0.329,7.302,17.206,44.844,11.999,30.467,0.47,2.59,10.55,0.118,2.829,48.831,48.363,25.329,0.218,0.344,4.193,0.9,11.119,1.267,2.036,0.477,1.947,2.857,4.371,5.595,9.848,4.48,0.235,0.347,0.526,0,294.536,0.004,1.147,8.887,0.567,0.143,0,0,0,819.184
"IMP_C23",5.161,0.077,0.313,0.124,0.524,0.009,0.449,0.109,8.095,2.229,0.244,0.269,0.01,1.49,0.676,0.852,19.057,0.359,0.134,1.29,2.639,4.544,0.92,2.111,0.117,0.143,1,0.077,0.516,77.955,2.682,1.307,0.079,0.124,0.495,0.073,3.489,0.049,0.237,0.052,0.26,2.856,0.798,0.5,2.291,1.458,0.034,0.061,0.088,0,64.804,0.002,0.117,1.463,0.095,0.1,0,0,0,215.002
"IMP_C24A",4.661,0.185,0.421,1.835,11.608,0.045,0.363,0.775,2.821,2.222,0.544,0.841,0.016,0.994,0.228,2.97,8.071,51.459,2.875,226.063,20.658,102.018,106.97,73.262,6.048,15.115,16.653,0.438,7.053,154.595,9.566,2.458,0.164,0.016,2.68,0.064,0.572,0.034,0.136,0.032,0.208,1.791,3.201,0.909,3.417,1.257,0.016,0.128,0.243,0,0.45,0,1.555,0.418,0.022,0.019,0,0,0,851.162
"IMP_C24B",2.217,0.123,0.075,0.154,1.898,0.014,0.153,0.09,9.5,2.706,0.401,1.638,0.009,7.422,0.932,2.171,3.339,7.911,59.039,103.507,54.575,263.865,42.783,38.974,1.583,7.302,22.585,0.223,5.967,36.647,9.158,1.347,0.086,0.02,0.771,0.014,2.04,0.215,0.182,0.054,0.305,0.83,1.387,0.238,2.223,0.185,0.024,0.086,0.265,0,20.943,0,0.058,2.668,0.148,0.028,0,0,0,721.079
"IMP_C25",11.967,0.511,1.406,1.655,4.459,0.029,0.58,1.029,23.364,8.561,1.348,1.356,0.016,2.955,0.859,2.156,3.189,1.709,0.754,50.387,11.482,37.815,35.868,25.416,2.383,4.209,11.047,0.254,1.369,82.699,13.464,3.516,0.138,0.11,2.118,0.165,6.147,0.329,1.868,0.348,0.483,2.882,3.345,3.373,25.171,2.55,0.069,0.198,0.391,0,178.875,0.003,2.521,100.956,5.411,0.178,0,0,0,685.442
"IMP_C26",1.204,0.051,0.295,0.098,0.474,0.003,0.056,0.08,0.963,1.165,0.037,0.376,0.004,0.585,0.236,0.251,0.279,0.091,0.107,1.422,128.721,33.394,6.479,4.566,0.474,0.677,3.103,0.18,0.582,5.685,9.423,1.127,0.075,0.269,1.227,0.473,2.07,0.969,30.194,5.93,2.173,0.299,4.164,2.289,10.742,4.171,0.223,0.245,0.698,0,521.651,0.156,7.681,257.467,13.728,0.959,0,0,0,1070.038
"IMP_C27",2.197,0.061,0.606,0.241,0.502,0.007,0.197,0.211,1.808,1.351,0.071,0.458,0.004,0.495,0.208,0.406,0.502,0.16,0.192,2.395,16.171,102.17,9.264,10.769,0.344,1.134,4.616,0.77,0.545,23.203,8.034,2.855,0.118,0.147,0.922,0.153,3.001,0.265,8.928,0.951,0.442,0.522,2.386,1.861,8.564,1.553,0.072,0.248,0.371,0,314.653,0.003,0.183,111.289,6.004,0.456,0,0,0,655.039
"IMP_C28",13.051,1.39,4.2,4.358,11.335,0.08,1.819,2.473,11.074,5.758,0.54,2.386,0.042,2.163,0.76,1.398,5.513,0.756,0.438,9.445,10.238,40.442,88.182,23.643,2.421,3.393,18.961,1.015,2.978,38.668,18.936,7.009,0.131,0.311,3.38,0.598,2.597,0.643,3.944,1.075,3.062,0.612,4.96,7.624,19.074,3.623,0.174,0.366,0.398,0,181.578,0.061,0.348,470.126,24.989,0.187,0,0,0,1064.724
"IMP_C29",2.024,0.464,0.569,0.154,0.61,0.007,0.168,0.15,1.99,1.589,0.089,0.289,0.003,0.383,0.156,0.494,0.644,0.131,0.162,1.632,1.76,6.37,4.466,130.516,0.152,1,2.035,0.083,0.501,4.675,35.451,23.348,0.215,0.623,2.32,0.328,0.704,0.083,0.712,0.234,0.448,0.214,1.002,2.479,4.318,0.973,0.035,0.091,0.081,0,886.586,0.007,0.716,237.359,12.873,0.779,0,0,0,1375.243
"IMP_C301",0.008,0.001,0.083,0.001,0.008,0,0.001,0.001,0.011,0.01,0.001,0.001,0,0.002,0.001,0.001,0.002,0.001,0,0.017,0.015,0.023,0.03,0.045,0.518,0.087,0.047,0,0.001,0.032,0.026,0.045,0.12,0.057,0.039,0.001,0.004,0,0.003,0.001,0.002,0.001,0.004,0.008,0.46,0.003,0,0.001,0.001,0,11.066,0,0.003,16.458,0.877,0.002,0,0,0,30.129
"IMP_C302T309",0.047,0.01,0.257,0.009,0.012,0,0.002,0.004,0.053,0.04,0.002,0.005,0,0.013,0.004,0.007,0.008,0.003,0.007,0.064,0.056,0.159,0.105,0.641,0.161,4.132,0.453,0.001,0.006,0.102,0.388,1.718,0.056,0.936,0.147,0.008,0.019,0.002,0.014,0.01,0.016,0.005,0.028,0.126,2.524,0.024,0.002,0.002,0.016,0,56.8,0.001,0.021,52.584,2.806,0.014,0,0,0,124.63
"IMP_C31T33",1.9,0.111,0.68,0.108,0.458,0.003,0.074,0.09,2.021,7.963,0.725,0.575,0.006,0.58,0.433,0.421,0.412,0.112,0.117,1.287,2.275,3.145,1.883,1.422,0.128,0.192,4.1,0.055,0.323,6.541,3.255,1.387,0.039,0.113,0.673,0.198,2.849,0.186,0.908,0.259,1.25,0.43,1.234,1.138,5.554,3.949,0.25,0.309,0.16,0,245.283,0.02,3.945,33.263,1.829,3.678,0,0,0,350.298
"IMP_D",0.576,0.016,0.149,0.041,0.27,0.001,0.033,0.028,0.418,0.175,0.028,0.072,0.124,0.305,0.052,0.033,0.139,0.03,0.019,0.097,0.086,0.381,0.1,0.096,0.006,0.013,0.078,0.29,0.037,0.423,0.442,0.839,0.032,0.127,0.145,0.038,0.22,0.019,0.099,0.032,0.075,0.039,0.109,0.074,0.571,0.106,0.007,0.007,0.007,0,5.412,0.001,0.131,0.649,0.029,0.208,0,0,0,13.533
"IMP_E",0.272,0.003,0.029,0.006,0.019,0,0.007,0.004,0.16,0.392,0.009,0.037,0.003,0.094,0.021,0.037,0.044,0.011,0.008,0.065,0.043,0.144,0.058,0.054,0.003,0.007,0.037,0.009,0.011,0.188,0.101,0.111,0.005,0.016,0.029,0.006,0.086,0.008,0.019,0.008,0.016,0.012,0.029,0.021,0.113,0.025,0.002,0.002,0.003,0,2.442,0.001,0.031,0.236,0.011,0.075,0,0,0,5.181
"IMP_F",0.977,0.033,0.14,0.051,0.189,0.001,0.106,0.067,1.085,1.325,0.137,0.162,0.016,0.287,0.103,0.193,0.788,0.057,0.033,0.426,0.311,0.833,0.427,0.447,0.026,0.056,0.334,0.055,0.092,3.318,1.039,0.724,0.03,0.083,0.287,0.05,0.446,0.048,0.261,0.1,0.218,0.214,0.482,0.175,1.636,0.238,0.011,0.017,0.019,0,10.905,0.008,0.354,2.201,0.074,1.285,0,0,0,32.985
"IMP_G",188.791,3.207,31.688,3.904,11.465,0.108,5.81,2.709,127.739,211.102,4.99,20.21,1.615,48.318,19.549,17.024,31.488,8.623,4.123,45.71,37.839,74.916,42.097,50.653,2.204,5.162,22.691,4.893,6.672,113.913,69.282,140.856,6.055,22.458,19.156,4.896,55.184,4.383,11.459,3.292,8.159,4.516,12.572,14.105,70.753,15.967,2.143,1.239,1.593,0,1806.909,0.247,32.492,205.049,11.008,21.635,0,0,0,3694.622
"IMP_H49",22.891,1.384,2.841,1.747,5.231,0.028,2.04,0.881,23.458,14.604,1.683,3.455,0.734,5.64,1.549,1.821,8.004,1.911,0.7,9.198,5.412,12.438,6.751,6.367,0.364,0.904,4.105,1.95,1.489,23.256,42.748,43.993,0.897,1.339,16.374,6.739,9.249,1.602,2.589,0.688,3.379,1.062,3.562,3.991,18.529,6.747,0.26,0.306,0.355,0,234.823,0.038,11.645,18.622,0.95,28.573,0,0,0,631.897
"IMP_H50",8.102,8.514,30.876,1.377,15.941,0.029,3.543,0.768,20.225,10.664,1.328,3.316,0.496,4.407,0.828,1.051,4.052,1.153,0.737,3.449,3.095,10.696,2.42,1.994,0.16,0.403,3.052,0.921,0.494,6.351,158.315,66.374,126.898,0.696,162.126,4.658,3.382,0.943,2.206,0.852,2.444,0.223,6.863,11.518,28.536,2.466,0.062,0.476,0.157,0,118.148,0.003,2.114,2.893,0.14,6.407,0,0,0,859.337
"IMP_H51",2.711,0.28,0.567,0.086,1.928,0.002,0.16,0.114,2.373,2.062,0.123,0.481,0.01,0.589,0.398,0.251,0.442,0.042,0.034,0.338,0.801,2.163,0.712,0.457,0.027,0.126,0.575,0.058,0.265,2.305,13.477,3.226,0.244,10.654,11.489,4.936,2.788,0.572,2.279,1.197,7.932,0.611,3.792,8.586,20.017,3.389,0.112,0.293,0.171,0,157.337,0.002,0.684,1.636,0.05,18.995,0,0,0,294.949
"IMP_H52",9.54,0.643,3.668,0.807,2.171,0.013,0.703,0.48,10.728,6.021,0.576,1.656,0.197,2.451,0.775,0.777,2.812,0.629,0.282,3.175,2.016,5.215,2.44,2.953,0.137,0.381,1.651,0.528,0.719,8.162,50.304,44.618,6.107,11.584,50.938,3.262,4.127,0.585,2.346,0.554,1.529,0.395,2.181,2.731,10.799,1.316,0.062,0.182,0.133,0,66.431,0.036,12.466,6.044,0.27,1.65,0,0,0,352.955
"IMP_H53",0.157,0.007,0.03,0.009,0.024,0,0.007,0.006,0.106,0.109,0.008,0.028,0.001,0.023,0.013,0.009,0.022,0.006,0.004,0.038,0.028,0.069,0.036,0.032,0.002,0.005,0.027,0.006,0.021,0.106,1.092,0.265,0.013,0.048,0.243,1.587,0.242,0.103,0.327,0.051,0.704,0.037,0.158,0.109,1.095,0.173,0.007,0.012,0.014,0,1.657,0,0.057,0.081,0,0.654,0,0,0,9.667
"IMP_I",0.119,0.002,0.013,0.003,0.015,0,0.002,0.002,0.091,0.159,0.002,0.011,0.006,0.034,0.014,0.01,0.012,0.003,0.002,0.019,0.017,0.033,0.018,0.018,0.001,0.002,0.012,0.013,0.004,0.044,0.052,0.059,0.003,0.009,0.014,0.004,0.054,0.005,0.024,0.005,0.013,0.005,0.014,0.011,0.052,0.014,0.002,0.001,0.001,0,1.844,0.005,0.067,0.1,0,159.128,0,0,0,162.168
"IMP_J58T60",0.358,0.006,0.033,0.008,0.031,0,0.006,0.008,0.42,0.331,0.017,0.169,0.002,0.095,0.054,0.035,0.036,0.008,0.007,0.072,0.108,0.208,0.091,0.072,0.005,0.015,0.067,0.009,0.03,0.22,0.853,0.188,0.007,0.027,0.086,0.051,0.497,1.182,0.759,0.323,0.487,0.068,1.581,0.194,1.237,1.164,0.014,0.057,0.027,0,30.51,0.17,3.016,3.804,0.01,2.168,0,0,0,51.001
"IMP_J61",0.552,0.031,0.188,0.045,0.183,0.001,0.026,0.027,0.466,0.554,0.02,0.114,0.002,0.105,0.096,0.044,0.072,0.013,0.012,0.129,0.62,0.451,0.2,0.17,0.009,0.025,0.162,0.028,0.1,0.597,3.515,1.05,0.032,0.097,0.551,0.34,2.194,0.317,20.68,0.866,2.87,0.409,1.219,0.862,6.945,1.075,0.048,0.108,0.088,0,51.244,0.004,0.294,1.113,0.04,8.114,0,0,0,109.117
"IMP_J62_63",0.919,0.04,0.205,0.088,0.381,0.001,0.068,0.061,1.819,1.454,0.052,0.357,0.007,0.391,0.386,0.134,0.248,0.044,0.035,0.392,1.679,1.543,0.505,0.401,0.031,0.093,0.419,0.134,0.439,1.602,8.83,1.809,0.089,0.322,1.633,0.849,3.083,1.631,9.61,14.431,11.051,0.763,4.426,2.569,15.762,3.463,0.093,0.242,0.141,0,14.301,0.04,0.952,37.309,0.11,0.647,0,0,0,148.084
"IMP_K",5.148,0.154,0.934,0.153,1.018,0.004,0.113,0.218,2.842,1.645,0.077,0.531,0.009,0.514,0.309,0.193,0.417,0.063,0.059,0.49,0.783,1.669,0.578,0.464,0.035,0.114,0.517,0.187,0.518,2.255,11.322,4.599,0.165,0.537,1.849,0.471,4.521,0.415,2.721,0.884,58.915,6.885,2.534,2.463,10.005,1.872,0.06,0.215,0.144,0,182.102,0.188,1.52,0.773,0.01,7.801,0,0,0,324.98
"IMP_L",0.191,0.011,0.036,0.032,0.245,0,0.024,0.025,0.373,0.335,0.013,0.082,0.097,0.183,0.032,0.025,0.099,0.019,0.015,0.085,0.097,0.165,0.063,0.07,0.007,0.012,0.097,0.226,0.038,0.418,3.852,0.476,0.017,0.045,0.552,0.119,2.619,0.119,0.749,0.258,1.002,0.581,0.539,0.38,1.737,0.66,0.025,0.066,0.042,0,61.415,0.364,0.997,4.338,0,33.858,0,0,0,117.924
"IMP_M",5.637,0.179,0.665,0.746,4.267,0.014,0.565,2.325,5.013,3.27,0.114,0.894,0.028,1.369,1.214,0.427,1.109,0.162,0.117,1.5,2.619,4.603,1.741,1.786,0.158,0.459,1.734,0.509,2.168,32.55,17.369,5.178,0.205,0.495,4.005,0.683,4.617,1.315,9.002,3.22,8.793,6.249,22.094,3.51,64.751,6.216,0.219,0.463,0.303,0,37.236,0.281,13.89,46.707,0.01,3.62,0,0,0,338.376
"IMP_N",1.385,0.083,0.317,0.125,0.555,0.002,0.11,0.103,1.308,1.294,0.042,0.311,0.007,0.323,0.193,0.129,0.204,0.03,0.028,0.269,0.374,0.726,0.368,0.385,0.026,0.08,0.287,0.063,0.212,1.25,3.917,2.023,0.725,0.766,1.813,0.291,2.814,0.39,1.671,0.579,2.25,0.435,1.207,4.483,5.017,1.947,0.043,0.147,0.057,0,64.572,0.069,0.972,1.407,0.04,6.448,0,0,0,114.673
"IMP_O",0.685,0.028,0.093,0.032,0.114,0.001,0.03,0.039,0.55,0.382,0.021,0.085,0.003,0.186,0.061,0.069,0.106,0.019,0.012,0.112,0.202,0.246,0.102,0.108,0.007,0.018,0.087,0.016,0.051,0.65,1.252,0.917,0.141,0.154,0.845,0.099,0.289,0.05,0.238,0.117,0.27,0.101,0.335,0.164,1.124,0.187,0.008,0.014,0.011,0,7.164,0.013,0.455,1.136,0.02,1.267,0,0,0,20.482
"IMP_P",0.258,0.012,0.042,0.008,0.032,0,0.009,0.005,0.144,0.13,0.005,0.04,0.001,0.101,0.027,0.036,0.027,0.004,0.002,0.023,0.034,0.065,0.022,0.028,0.002,0.004,0.025,0.004,0.012,0.08,0.352,0.222,0.104,0.022,0.208,0.034,0.083,0.024,0.083,0.099,0.115,0.015,0.093,0.059,0.269,0.067,0.003,0.005,0.003,0,2.468,0.011,0.199,0.726,0,28.775,0,0,0,35.222
"IMP_Q",0.158,0.004,0.025,0.009,0.028,0,0.006,0.009,0.089,0.118,0.018,0.022,0.001,0.045,0.055,0.017,0.024,0.004,0.003,0.036,0.216,0.371,0.134,0.073,0.005,0.01,0.071,0.006,0.014,0.27,0.158,0.112,0.005,0.017,0.049,0.008,0.064,0.01,0.094,0.032,0.043,0.022,0.08,0.037,0.274,0.054,0.007,0.004,0.004,0,3.502,0.002,0.156,1.289,0.05,7.278,0,0,0,15.195
"IMP_R",0.385,0.006,0.042,0.009,0.031,0,0.006,0.01,0.346,0.396,0.01,0.039,0.001,0.069,0.033,0.028,0.034,0.011,0.009,0.141,0.06,0.172,0.111,0.087,0.007,0.014,0.055,0.005,0.016,0.353,0.193,0.178,0.008,0.028,0.043,0.011,0.165,0.025,0.061,0.035,0.058,0.029,0.086,0.05,0.323,0.062,0.004,0.019,0.004,0,22.296,0.681,4.431,0.693,0.01,15.633,0,0,0,47.61
"IMP_S",0.188,0.004,0.023,0.004,0.013,0,0.004,0.003,0.144,0.293,0.019,0.028,0.002,0.046,0.018,0.017,0.022,0.006,0.003,0.041,0.064,0.101,0.041,0.035,0.003,0.005,0.04,0.006,0.007,0.158,0.126,0.118,0.007,0.023,0.063,0.008,0.073,0.011,0.038,0.023,0.03,0.01,0.028,0.023,0.108,0.029,0.002,0.002,0.003,0,3.469,0.002,0.05,0.301,0,8.372,0,0,0,14.257
"IMP_T",0,0,0,0,0,0,0,0,0,0,0,0,0,0,0,0,0,0,0,0,0,0,0,0,0,0,0,0,0,0,0,0,0,0,0,0,0,0,0,0,0,0,0,0,0,0,0,0,0,0,0,0,0,0,0,0,0,0,0,0
"IMP_OTHER",-4.563,0.385,5.188,0.463,1.273,0.013,0.442,0.351,-12.796,10.631,0.323,1.38,0.203,3.759,0.859,1.16,1.409,0.369,0.127,1.636,2.952,5.059,2.176,5.912,0.109,0.309,1.656,0.642,0.735,7.171,10.388,29.303,1.324,4.843,3.672,1.006,-0.372,0.36,1.718,0.476,1.732,0.441,1.44,2.008,10.384,1.947,0.122,0.147,0.162,0,150.111,0.014,0.919,18.015,1.031,29.151,0,0,0,309.673
"TXS_INT_FNL",-126.574,-0.969,-9.039,0.111,0.963,0.005,0.052,0.12,-119.407,77.946,0.968,2.616,-0.184,-1.996,2.487,5.123,26.124,0.493,0.211,5.949,11.93,22.404,11.873,48.649,0.693,1.642,8.511,-1.126,0.704,148.633,17.541,-42.226,-4.341,-8.815,-2.57,-0.61,-7.608,1.596,4.621,1.696,6.347,7.296,5.521,3.459,12.09,5.71,0.414,0.478,0.486,0,1863.289,0.789,12.372,445.11,10.285,0,50.606,555.611,0,3058.062
"TTL_INT_FNL",3168.599,279.918,600.566,170.948,555.676,2.091,108.803,91.022,3340.885,2017.095,185.782,283.908,148.915,658.013,194.546,181.687,625.31,178.706,115.146,659.49,513.143,1139.938,575.417,668.418,30.865,75.773,341.9,527.337,140.463,2193.779,2276.069,1782.248,198.28,254.361,904.469,328.436,1622.858,146.634,912.239,213.242,967.197,276.359,479.305,399.939,2124.428,516.213,28.211,37.964,32.074,0,34531.088,176.419,9851.788,6850.803,132.246,425.895,986.518,21178.51,0,107407.931
"VALU",3502.79,480.894,717.088,407.385,1288.331,5.778,227.642,96.937,1460.442,1581.891,176.92,220.529,12.991,333.651,216.082,119.26,580.574,90.267,64.988,580.122,290.882,818.664,430.838,353.175,21.933,55.401,284.344,510.729,182.767,1658.068,4091.535,1953.885,136.058,193.799,1031.757,407.202,2024.557,196.784,1292.531,596.132,1926.011,1827.786,1322.046,981.196,5057.017,2900.636,96.249,67.872,92.383,156.346,0,0,0,0,0,0,0,0,0,43123.147
"OUTPUT",6671.389,760.812,1317.653,578.333,1844.007,7.869,336.445,187.959,4801.328,3598.986,362.702,504.437,161.906,991.664,410.628,300.947,1205.884,268.973,180.134,1239.613,804.025,1958.602,1006.255,1021.593,52.798,131.174,626.245,1038.065,323.23,3851.848,6367.604,3736.133,334.338,448.16,1936.226,735.639,3647.414,343.418,2204.77,809.374,2893.208,2104.145,1801.352,1381.136,7181.446,3416.849,124.46,105.836,124.457,156.346,0,0,0,0,0,0,0,0,0,76397.812
